,Id,Temperature (K),Pressure (kPa),Phase,N Components,Component 1,Role 1,Mole Fraction 1,Exact Amount 1,Density Value (g / ml),Density Uncertainty (g / ml),Source
0,bb7f82f5c01a437bb3034e79ce8fd38f,89.13,9873.108,Liquid,1,[Ar],Solvent,1.0,,1.41,0.007,10.1016/0031-8914(60)90042-2
1,37c8ad377b1a47fe8184f0210379ba13,90.55,10421.276249999999,Liquid,1,[Ar],Solvent,1.0,,1.404,0.006,10.1016/0031-8914(60)90042-2
2,f985e15005f34fc68a304e0e04ad6a97,87.91,10421.276249999999,Liquid,1,[Ar],Solvent,1.0,,1.419,0.008,10.1016/0031-8914(60)90042-2
3,04b41a0bdf734ddc8f1666bd2455a539,89.13,14677.939500000002,Liquid,1,[Ar],Solvent,1.0,,1.423,0.006,10.1016/0031-8914(60)90042-2
4,f8a3a70fd2054f2e9c9a5b6c62246353,89.13,11820.5745,Liquid,1,[Ar],Solvent,1.0,,1.416,0.001,10.1016/0031-8914(60)90042-2
5,c0298b67d4ac40f7807db4d1857aea96,89.13,7955.025750000001,Liquid,1,[Ar],Solvent,1.0,,1.405,0.004,10.1016/0031-8914(60)90042-2
6,70905c5e61f144249a93fb7ce7d7c072,89.13,6047.076,Liquid,1,[Ar],Solvent,1.0,,1.4,0.003,10.1016/0031-8914(60)90042-2
7,d168f71b72484267ac6e4f0819d1e5d7,89.13,4118.86125,Liquid,1,[Ar],Solvent,1.0,,1.394,0.003,10.1016/0031-8914(60)90042-2
8,72f11136f23948f4a8d2ed292a5ed523,89.13,2210.9115,Liquid,1,[Ar],Solvent,1.0,,1.388,0.007,10.1016/0031-8914(60)90042-2
