,Id,Temperature (K),Pressure (kPa),Phase,N Components,Component 1,Role 1,Mole Fraction 1,Exact Amount 1,Density Value (g / ml),Density Uncertainty (g / ml),Source
0,e419b216cdb74d01860fe6df025c8662,89.13,9873.108,Liquid,1,[Ar],Solvent,1.0,,1.41,0.007,10.1016/0031-8914(60)90042-2
1,8322775953fe45a882e2169f0cfe6822,90.55,10421.276249999999,Liquid,1,[Ar],Solvent,1.0,,1.404,0.006,10.1016/0031-8914(60)90042-2
2,7b9cc3b385ed431483390b5939a8d327,87.91,10421.276249999999,Liquid,1,[Ar],Solvent,1.0,,1.419,0.008,10.1016/0031-8914(60)90042-2
3,642643da8cb047dca2ed7a42f6f5855d,89.13,14677.939500000002,Liquid,1,[Ar],Solvent,1.0,,1.423,0.006,10.1016/0031-8914(60)90042-2
4,173990e2017242c7b4ff572ddb351c15,89.13,11820.5745,Liquid,1,[Ar],Solvent,1.0,,1.416,0.001,10.1016/0031-8914(60)90042-2
5,89f29c6b43524defa56ce4ce66d65450,89.13,7955.025750000001,Liquid,1,[Ar],Solvent,1.0,,1.405,0.004,10.1016/0031-8914(60)90042-2
6,9ae08e448a2842d5827c3abd999035c6,89.13,6047.076,Liquid,1,[Ar],Solvent,1.0,,1.4,0.003,10.1016/0031-8914(60)90042-2
7,a2eac6d7b13c4debaeaece56e813ce3a,89.13,4118.86125,Liquid,1,[Ar],Solvent,1.0,,1.394,0.003,10.1016/0031-8914(60)90042-2
8,e4d58d9191994dfb8350ea1de72d1094,89.13,2210.9115,Liquid,1,[Ar],Solvent,1.0,,1.388,0.007,10.1016/0031-8914(60)90042-2
